Tweet,like
"La disciplina pesa gramos, el arrepentimiento toneladas.",1
"No esperes motivación, confía en la constancia.",1
"Un día a la vez, un entrenamiento a la vez, un logro a la vez.",1
Tu único rival es la versión de ti que se rinde.,1
"El progreso es silencioso, pero los resultados hacen ruido.",1
"Cada repetición cuenta, cada esfuerzo suma.",1
"La comida es combustible, no un consuelo.",1
"No busques excusas, busca resultados.",1
"Hoy duele, mañana será tu orgullo.",1
"No importa cuán lento vayas, sigues siendo más rápido que quien no lo intenta.",1
El gimnasio es el único lugar donde el dolor es sinónimo de crecimiento.,1
"No busques el cuerpo perfecto, busca el cuerpo fuerte.",1
"La genética influye, pero la disciplina lo define.",1
"Si fuera fácil, cualquiera lo haría.",1
La mejor inversión es en tu salud.,1
La diferencia entre un sueño y una meta es la acción.,1
No necesitas un nuevo lunes para empezar.,1
"Más allá del músculo, construyes mentalidad.",1
"Levántate, entrena, repite.",1
La perseverancia es la clave de la transformación.,1
"La inteligencia artificial no te reemplazará, pero quien la use bien, sí.",1
El futuro pertenece a quienes entienden los datos.,1
Blockchain: confianza sin intermediarios.,1
¿Y si el metaverso redefine lo que es real?,1
"Cada clic, una decisión entrenando un algoritmo.",1
La computación cuántica resolverá problemas que ni imaginamos.,1
"No es ciencia ficción, es la nueva revolución industrial.",1
La descentralización es el nuevo poder.,1
"La singularidad tecnológica no es un mito, es cuestión de tiempo.",1
"No temas a la IA, aprende a trabajar con ella.",1
Los chips cerebrales pronto serán una realidad.,1
La Web3 cambiará la forma en que interactuamos en línea.,1
"La robótica ya no es el futuro, es el presente.",1
La impresión 3D está transformando la medicina y la manufactura.,1
Los autos eléctricos son solo el principio de una nueva movilidad.,1
La realidad aumentada podría ser la nueva interfaz del mundo digital.,1
No subestimes el impacto del machine learning en tu vida.,1
"La automatización reemplazará tareas, pero creará nuevas oportunidades.",1
La privacidad digital será el nuevo lujo.,1
"Las criptomonedas van más allá de la especulación, son un cambio de paradigma.",1
Te extrañé hasta que aprendí a no hacerlo.,0
"Amar no es rogar, y entenderlo lo cambia todo.",0
"No era amor, era costumbre con disfraz de cariño.",0
El amor no debería doler tanto.,0
A veces perder es ganar libertad.,0
"No es que no te ame, es que me amo más a mí.",0
"Lo más difícil no es dejar ir, es no volver a mirar atrás.",0
Hay despedidas que duelen menos que quedarse.,0
No confundas dependencia con amor.,0
"Lo que una vez dolió, hoy es aprendizaje.",0
Amar también es soltar.,0
"No te arrepientas de sentir, pero aprende a elegir mejor.",0
"No eras el amor de mi vida, solo un capítulo más.",0
Las segundas oportunidades rara vez cambian la historia.,0
A veces el final es la mejor parte de la historia.,0
"Quien quiere estar, estará sin que lo pidas.",0
No hay amor más grande que el que te das a ti mismo.,0
"El cierre no siempre llega con palabras, sino con paz.",0
No te conformes con migajas cuando mereces un banquete.,0
"Si alguien te hace sentir insuficiente, aléjate.",0
La diferencia entre rendirse y ganar está en una repetición más.,1
"No entrenes para ser mejor que los demás, entrena para ser mejor que ayer.",1
Cada gota de sudor es una prueba de tu compromiso.,1
La constancia vence al talento cuando el talento no trabaja duro.,1
Un cuerpo fuerte es el reflejo de una mente disciplinada.,1
"No existe el 'no tengo tiempo', solo falta de prioridades.",1
"El dolor es temporal, el orgullo es para siempre.",1
"No necesitas motivación, necesitas disciplina.",1
"No se trata de tener tiempo, sino de hacer tiempo.",1
"Si quieres resultados, deja las excusas en casa.",1
La inteligencia artificial es solo el comienzo de la revolución digital.,1
"Si no entiendes la tecnología, ella te entenderá a ti.",1
La robótica nos acerca más a un futuro de ciencia ficción.,1
El big data conoce más de ti que tu mejor amigo.,1
"La ciberseguridad no es opcional, es una necesidad.",1
La computación cuántica será la clave para resolver problemas imposibles.,1
"No todo lo que brilla en tecnología es oro, investiga antes de invertir.",1
La descentralización es el futuro de la economía digital.,1
¿Y si el metaverso se convierte en nuestra segunda realidad?,1
"No hay tecnología sin ética, no lo olvides.",1
No hay peor soledad que estar con alguien que no te valora.,0
"A veces, amar es aprender a soltar.",0
Te extrañé hasta que entendí que era mejor sin ti.,0
No confundas nostalgia con ganas de volver.,0
"Si te lastima más de lo que te alegra, no es amor.",0
No te aferres a lo que solo te causa dolor.,0
"Lo que una vez dolió, hoy es una anécdota.",0
No vuelvas donde una vez te rompieron el corazón.,0
"Un amor sano no te hace dudar, te hace sentir paz.",0
"Algunas despedidas duelen, pero son necesarias.",0
"Un buen estilo es más que ropa, es actitud.",0
La moda es arte y tú eres el lienzo.,0
"No hay reglas en la moda, solo confianza.",0
Lo clásico nunca pasa de moda.,0
"Vestirse bien no es vanidad, es amor propio.",0
La mejor prenda que puedes llevar es seguridad en ti misma.,0
Un buen par de zapatos puede cambiar tu postura y tu día.,0
No necesitas gastar mucho para verte increíble.,0
"No compres por tendencia, compra lo que te haga sentir bien.",0
"La moda cambia, el estilo permanece.",0
"Cuando crees que el drama terminó, siempre hay un nuevo capítulo.",0
Nadie puede resistirse a un buen chisme bien contado.,0
"Las celebridades también tienen problemas, solo que con más glamour.",0
"Detrás de cada escándalo, hay una estrategia de marketing.",0
"Si hay polémica, hay tendencia.",0
¿Cuánto hay de verdad y cuánto de show en los escándalos?,0
Los romances secretos son los más entretenidos.,0
El mundo del espectáculo nunca descansa.,0
"Cada día una nueva controversia, nunca nos aburrimos.",0
Lo que pasa en Hollywood… se viraliza en minutos.,0
"No dejes que el miedo te paralice, úsalo como combustible.",1
Tu única competencia eres tú mismo.,1
Pequeños pasos también te acercan a tu meta.,1
"No esperes el momento perfecto, créalo.",1
"Si crees que puedes, ya estás a mitad de camino.",1
Cada error es una oportunidad de aprendizaje.,1
El éxito es la suma de pequeños esfuerzos diarios.,1
"No busques aprobación, busca tu felicidad.",1
"Si fallaste hoy, mañana es otra oportunidad.",1
"No mires atrás, solo sigue avanzando.",1
"No se trata de ganar músculo, se trata de ganar disciplina.",1
Los resultados llegan cuando el esfuerzo se vuelve rutina.,1
"No entrenes hasta hacerlo bien, entrena hasta no poder hacerlo mal.",1
Un día sin entrenar es un día sin avanzar.,1
"Si el dolor es temporal, la satisfacción es eterna.",1
"No te preocupes por la velocidad, solo sigue avanzando.",1
Cada entrenamiento es una inversión en tu mejor versión.,1
"Si dudas en entrenar, recuerda por qué empezaste.",1
"No esperes a sentirte bien para entrenar, entrena para sentirte bien.",1
Un cuerpo fuerte es solo un reflejo de una mente fuerte.,1
"La IA no vino a reemplazarte, sino a potenciarte.",1
"Si no entiendes cómo funciona la tecnología, ella trabajará en tu contra.",1
Aprender a programar es como aprender a escribir en el idioma del futuro.,1
La ciberseguridad es como un seguro de vida digital.,1
Blockchain está revolucionando la confianza en internet.,1
"Si los datos son el nuevo oro, entonces la privacidad es el nuevo diamante.",1
"No es solo un código, es una nueva forma de ver el mundo.",1
La computación cuántica está más cerca de lo que crees.,1
"La innovación no es una opción, es una necesidad.",1
"La Web3 no es una moda, es la evolución de la internet.",1
"No es falta de amor, es exceso de dolor.",0
"No todas las historias tienen un final feliz, pero todas enseñan algo.",0
"Dejar ir no es perder, es ganar paz.",0
"Si tienes que rogar, no es amor, es dependencia.",0
"A veces, alejarse es la mejor prueba de amor propio.",0
"No eres difícil de amar, solo estabas con la persona equivocada.",0
"El tiempo no borra recuerdos, solo los vuelve más soportables.",0
No busques a quien no te busca.,0
No insistas en lo que el destino ya te pidió que soltaras.,0
"No eres tu pasado, eres lo que decides ser hoy.",0
"El estilo no tiene talla, tiene actitud.",0
"No necesitas tendencias, necesitas confianza.",0
Un buen accesorio puede transformar cualquier look.,0
"No hay colores prohibidos, solo combinaciones atrevidas.",0
"La moda es lo que compras, el estilo es lo que haces con ello.",0
El mejor outfit es el que refleja tu personalidad.,0
"No compres ropa, invierte en tu imagen.",0
La moda es la forma más rápida de expresarte sin palabras.,0
"No importa cuánto cueste, sino cómo lo lleves.",0
"La elegancia no está en el precio, está en la actitud.",0
Cada escándalo tiene su versión oficial y la que todos creen.,0
No hay mejor publicidad que un buen chisme.,0
"Cuando las redes callan, las historias reales salen a la luz.",0
Los rumores son la moneda de cambio en el mundo del espectáculo.,0
"Una foto puede contar mil historias, pero solo una es la verdad.",0
¿Cuánto de lo que ves en redes es real?,0
Los secretos mejor guardados siempre encuentran una forma de salir.,0
Un “no confirmo ni desmiento” es la mejor confirmación.,0
Los romances de Hollywood duran menos que una temporada de Netflix.,0
A veces el chisme se filtra antes de que pase.,0
"No necesitas suerte, necesitas constancia.",1
La única forma de fracasar es no intentarlo.,1
Los sueños sin acción son solo ilusiones.,1
Cada día es una oportunidad de empezar de nuevo.,1
"No importa cuántas veces caigas, importa cuántas te levantes.",1
Todo gran éxito comenzó con un pequeño paso.,1
"Si no crees en ti, nadie más lo hará.",1
La vida recompensa a quienes se atreven.,1
El miedo es solo una señal de que estás creciendo.,1
"No esperes a que las oportunidades lleguen, sal a buscarlas.",1
"No viajes para escapar de la vida, viaja para vivirla más intensamente.",0
La mejor forma de aprender es explorando el mundo.,0
No hay viaje sin una buena historia que contar.,0
Lo mejor de viajar es descubrirse a uno mismo en el camino.,0
"Cada lugar tiene su magia, solo hay que saber verla.",1
"La vida es corta, explora tanto como puedas.",1
Un buen viaje te cambia para siempre.,0
No hay mejor sensación que perderse en un lugar nuevo.,1
Un buen compañero de viaje hace la diferencia.,0
"Las mejores experiencias no tienen precio, tienen recuerdos.",0
